{
    "mc21_13p6TeV.601479": {
        "logicalDatasetName": "mc21_13p6TeV.601479.PhPy8EG_HH4b_cHHH01d0.deriv.DAOD_PHYS.e8472_s3873_r13829_p5631",
        "genFiltEff": 1,
        "crossSection": 3.0836000000000005e-14,
        "kFactor": 1.0,
        "luminosity": 26071.4
    },
    "mc21_13p6TeV.601480": {
        "logicalDatasetName": "mc21_13p6TeV.601480.PhPy8EG_HH4b_cHHH10d0.deriv.DAOD_PHYS.e8472_s3873_r13829_p5631",
        "genFiltEff": 1,
        "crossSection": 6.4131e-13,
        "kFactor": 1.0,
        "luminosity": 26071.4
    },
    "mc21_13p6TeV.801165": {
        "logicalDatasetName": "mc21_13p6TeV.801165.Py8EG_A14NNPDF23LO_jj_JZ0.deriv.DAOD_PHYS.e8453_s3873_r13829_p5631",
        "genFiltEff": 0.973706,
        "crossSection": 0.07858000000000001,
        "kFactor": 1.0,
        "luminosity": 26071.4
    },
    "mc21_13p6TeV.801166": {
        "logicalDatasetName": "mc21_13p6TeV.801166.Py8EG_A14NNPDF23LO_jj_JZ1.deriv.DAOD_PHYS.e8453_s3873_r13829_p5631",
        "genFiltEff": 0.0351617,
        "crossSection": 0.09389700000000001,
        "kFactor": 1.0,
        "luminosity": 26071.4
    },
    "mc21_13p6TeV.801167": {
        "logicalDatasetName": "mc21_13p6TeV.801167.Py8EG_A14NNPDF23LO_jj_JZ2.deriv.DAOD_PHYS.e8453_s3873_r13829_p5631",
        "genFiltEff": 0.01007986,
        "crossSection": 0.0025826,
        "kFactor": 1.0,
        "luminosity": 26071.4
    },
    "mc21_13p6TeV.801168": {
        "logicalDatasetName": "mc21_13p6TeV.801168.Py8EG_A14NNPDF23LO_jj_JZ3.deriv.DAOD_PHYS.e8453_s3873_r13829_p5631",
        "genFiltEff": 0.01191385,
        "crossSection": 0.000028527000000000003,
        "kFactor": 1.0,
        "luminosity": 26071.4
    },
    "mc21_13p6TeV.801169": {
        "logicalDatasetName": "mc21_13p6TeV.801169.Py8EG_A14NNPDF23LO_jj_JZ4.deriv.DAOD_PHYS.e8453_s3873_r13829_p5631",
        "genFiltEff": 0.01376542,
        "crossSection": 2.8014e-7,
        "kFactor": 1.0,
        "luminosity": 26071.4
    },
    "mc21_13p6TeV.801170": {
        "logicalDatasetName": "mc21_13p6TeV.801170.Py8EG_A14NNPDF23LO_jj_JZ5.deriv.DAOD_PHYS.e8453_s3873_r13829_p5631",
        "genFiltEff": 0.01516748,
        "crossSection": 5.132500000000001e-9,
        "kFactor": 1.0,
        "luminosity": 26071.4
    },
    "mc21_13p6TeV.801171": {
        "logicalDatasetName": "mc21_13p6TeV.801171.Py8EG_A14NNPDF23LO_jj_JZ6.deriv.DAOD_PHYS.e8453_s3873_r13829_p5631",
        "genFiltEff": 0.01015822,
        "crossSection": 2.9767e-10,
        "kFactor": 1.0,
        "luminosity": 26071.4
    },
    "mc21_13p6TeV.801172": {
        "logicalDatasetName": "mc21_13p6TeV.801172.Py8EG_A14NNPDF23LO_jj_JZ7.deriv.DAOD_PHYS.e8453_s3873_r13829_p5631",
        "genFiltEff": 0.01227761,
        "crossSection": 1.9415e-11,
        "kFactor": 1.0,
        "luminosity": 26071.4
    },
    "mc21_13p6TeV.801173": {
        "logicalDatasetName": "mc21_13p6TeV.801173.Py8EG_A14NNPDF23LO_jj_JZ8.deriv.DAOD_PHYS.e8453_s3873_r13829_p5631",
        "genFiltEff": 0.01181108,
        "crossSection": 7.9804e-13,
        "kFactor": 1.0,
        "luminosity": 26071.4
    },
    "mc21_13p6TeV.801174": {
        "logicalDatasetName": "mc21_13p6TeV.801174.Py8EG_A14NNPDF23LO_jj_JZ9incl.deriv.DAOD_PHYS.e8453_s3873_r13829_p5631",
        "genFiltEff": 0.01531609,
        "crossSection": 2.7822e-14,
        "kFactor": 1.0,
        "luminosity": 26071.4
    },
    "mc21_13p6TeV.601237": {
        "logicalDatasetName": "mc21_13p6TeV.601237.PhPy8EG_A14_ttbar_hdamp258p75_allhad.deriv.DAOD_PHYS.e8453_s3873_r13829_p5631",
        "genFiltEff": 0.4561722,
        "crossSection": 8.1128e-10,
        "kFactor": 1.0,
        "luminosity": 26071.4
    }
}